S. No,SCHOOL ID,ZONE,NAME OF SCHOOL,HoS Name,Contact Number,Shift,SchoolLevel,Gender,Phone,Latitude,Longitude,Boys,Girls,Total,Career tour already conducting,Daignosis,Metro station
1,1958007,Central,BAGH NATHU SINGH (CO-ED)-1958007,KIRAN KUMARI,8130421632,General,Primary,Co-ed,,28.5749582496927,77.2220173161317,10,4,14,,,
2,1958127,Central,MOLARBAND VILLAGE (BOYS)-1958127,MAHENDRA KUMAR GUPTA,9868311610,Evening,Primary,Boys,,28.5016428172151,77.31291079532,53,0,53,,,
3,1958002,Central,SEWA NAGAR WEST (CO-ED)-1958002,MUKESH KUMAR,9868678317,General,Primary,Co-ed,,28.5762102689551,77.227975848758,41,21,62,,,
4,1958134,Central,BADARPUR (GIRLS)-1958134,SHOBHA SHARMA,9650982403,Morning,Primary,Girls,,28.5034249086638,77.302114230561,0,75,75,Badarpur Shiv Mandir(Girls),yes,
5,1958003,Central,SEWA NAGAR N BLOCK (CO-ED)-1958003,SNEH LATA,9205338672,General,Primary,Co-ed,,28.5782923651736,77.2290937088875,43,23,66,,,
6,1958017,Central,AMAR COLONY (CO-ED)-1958017,TRIPTI,9873571522,General,Primary,Co-ed,,28.5602598288128,77.240894083228,36,34,70,,,
7,1958035,Central,JEEVAN NAGAR (CO-ED)-1958035,REKHA SAINI,9968285592,General,Primary,Co-ed,,28.5775190868275,77.2587887916105,25,44,69,,,
8,1958015,Central,LAJPAT NAGAR PART III (CO-ED)-1958015,SRINIWAS TIWARI,9868908755,General,Primary,Co-ed,,28.5684398893506,77.2378027955487,66,41,107,,,
9,1958099,Central,TUGLAKABAD EXTENSION NO.2 (GIRLS)-1958099,RAM DAYAL GARG,9873710501,Morning,Primary,Girls,,28.5233633483114,77.262148140878,0,143,143,,,
10,1958041,Central,D-BLOCK NEW FRIENDS COLONY HINDI & URDU (CO-ED)-1958041,GHAZALA ZAMIR,8076699247,General,Primary,Co-ed,,28.5667330172378,77.2676865302338,99,86,185,Taimoor Nagar D Block Friends Colony(Coed),yes,
11,1958011,Central,SOUTH EXTN NEW PART II (CO-ED)-1958011,NEELAM KUJUR,8586057322,General,Primary,Co-ed,,28.5669699032252,77.2201835262108,9,5,14,,,
12,1958452,Central,MADANPUR KHADAR PHASE 2 (BOYS)-1958452,MANJU BALA,8178970107,Evening,Primary,Boys,,28.5292987276317,77.3166079642355,87,0,87,,,
13,1958046,Central,KHIZRABAD HINDI (BOYS)-1958046,NIKHAT JAHAN,9891763858,Evening,Primary,Boys,,28.5733904939473,77.2722237697244,63,0,63,,,
14,1958109,Central,SANGAM VIHAR F2-BLOCK (BOYS)-1958109,AMIT PRABHAKAR,9311363526,Evening,Primary,Boys,,28.498562775661,77.2452350131109,82,0,82,,,
15,1958141,Central,AALI VILLAGE (BOYS)-1958141,MD KHURSHID NASIR,9811338499,Evening,Primary,Boys,,28.517690891346,77.3059062966028,109,0,109,,,
16,1958081,Central,KALKAJI B-BLOCK (CO-ED)-1958081,ANITA SAINI,9891098214,General,Primary,Co-ed,,28.5435761172013,77.2511233039709,48,57,105,,yes,Nehru Enclave
17,1958108,Central,SANGAM VIHAR F2-BLOCK (GIRLS)-1958108,TARA CHAND MAHAWAR,9868731910,Morning,Primary,Girls,,28.498562775661,77.2452350131109,0,87,87,,,
18,1958137,Central,GAUTAM PURI NO 2 (GIRLS)-1958137,SUNITA SINGH,9958306006,Morning,Primary,Girls,,28.5135381419148,77.3012174832709,0,75,75,,,
19,1958147,Central,MADANPUR KHADAR PHASE 2 (GIRLS)-1958147,TANWEER AHMAD ASI,9958481936,Morning,Primary,Girls,,28.5292787538529,77.3166313141162,0,98,98,,,
20,2162016,Central,SARAI KALE KHAN (BOYS)-2162016,RAJKUMAR SAH,9717216505,Evening,Primary,Boys,,28.583619145152,77.2559036848814,118,0,118,,,
21,1958132,Central,TAJPUR PAHARI (GIRLS)-1958132,KANTA KUMARI DAGAR,7840021170,Morning,Primary,Girls,,28.4979103476624,77.3046774457966,0,94,94,,,
22,1958085,Central,GOVIND PURI KALKAJI (CO-ED)-1958085,AKHILESHWAR NARAYAN PATHAK,7838055863,Morning,Primary,Girls,,28.5383185631344,77.2612315630201,47,61,108,,,
23,1958130,Central,TAJPUR VILLAGE (GIRLS)-1958130,PARMESHWARI,8076757211,Morning,Primary,Girls,,28.4944362870158,77.3035606184127,0,107,107,,yes,Badarpur Border
24,1958128,Central,MOLARBAND EXTN (GIRLS)-1958128,SARJU DAS,8447132493,Morning,Primary,Girls,,28.4884424325269,77.3096116507473,0,102,102,,,
25,1958123,Central,MEETHAPUR VILLAGE (BOYS)-1958123,HARI KRASHAN,9868570353,Evening,Primary,Boys,,28.4986936714715,77.3171730603096,126,0,126,,,
26,1958058,Central,ZAKIR NAGAR HINDI (BOYS)-1958058,MOHD EHTESHAMUDDIN,9716172120,Evening,Primary,Boys,,28.5666108931817,77.2849606062019,148,0,148,Zakir Nagar Okhla(Boys),yes,
27,1958146,Central,MADANPUR KHADAR PHASE 1 (GIRLS)-1958146,SATISH CHAND,9911460442,Morning,Primary,Girls,,28.5279113778181,77.3183801406365,0,136,136,,,
28,1958102,Central,PUL PEHLADPUR (GIRLS)-1958102,ALKA CHUGH,9999992742,Morning,Primary,Girls,,28.4985981108659,77.290007653183,0,161,161,,,
29,1958150,Central,JASOLA VILLAGE (BOYS)-1958150,PREETI ANAND,8178528458,Evening,Primary,Boys,,28.5488940999379,77.2928159115673,268,0,268,,,
30,1958023,Central,LAJPAT NAGAR PART I (CO-ED)-1958023,VINAY SHARMA,8750977556,General,Primary,Co-ed,,28.5768828221173,77.2393336852667,3,3,6,,,
31,1958024,Central,LAJPAT NAGAR PART II (CO-ED)-1958024,SHISHIR PRABHA DODRAI,9958850131,General,Primary,Co-ed,,28.56942859327,77.2484815156702,11,8,19,,,
32,1958020,Central,JANGPURA EXTENSION (CO-ED)-1958020,MANISHA GUPTA,9518251712,General,Primary,Co-ed,,28.5796176708413,77.2504418805784,13,12,25,,,
33,1958038,Central,BHARAT NAGAR (GIRLS)-1958038,NAHIDA BEGUM,8810389924,General,Primary,Girls,,28.5635828730368,77.2705104275014,0,31,31,,,
34,1958010,Central,SOUTH EXTN PART I (CO-ED)-1958010,DOLLY KALRA,9999189340,General,Primary,Co-ed,,28.5707530033236,77.222504294541,21,5,26,,,
35,1958084,Central,KALKAJI CENTRAL (CO-ED)-1958084,SUSHMA RANI,9818778113,General,Primary,Co-ed,,28.5437934256575,77.2634723268853,26,27,53,Kalkaji DD Block(Coed),yes,
36,1958044,Central,MASIH GARH (CO-ED)-1958044,NOOR AFSHA,7838827498,General,Primary,Co-ed,,28.5581818709259,77.2743411414133,23,22,45,Masih Garh(Coed),yes,
37,1958087,Central,GIRI NAGAR (CO-ED)-1958087,DIVYA SIRPAUL,9810145029,General,Primary,Co-ed,9871102394.0,28.5401385425966,77.2624998860174,26,19,45,Giri Nagar(Coed),yes,
38,1958018,Central,LAJPAT NAGAR IV (BOYS)-1958018,ZAHEER AHMAD ANSARI,9990324177,General,Primary,Boys,,28.5625295659477,77.2483062149818,63,0,63,,,
39,1958019,Central,LAJPAT NAGAR IV (GIRLS)-1958019,BHARTI MENDIRATTA,9999292101,General,Primary,Girls,,28.5625295659477,77.2483062149818,0,62,62,,,
40,1958016,Central,ANDREWJ GANJ (CO-ED)-1958016,INDU BATRA,9899200662,General,Primary,Co-ed,,28.5656264216277,77.2301485014949,35,20,55,,,
41,1958126,Central,MOLARBAND VILLAGE (GIRLS)-1958126,GAYATRI DEVI,7291830957,Morning,Primary,Girls,,28.5016490438688,77.3127974297839,0,68,68,,,
42,1958095,Central,TUGLAKABAD VILLAGE (BOYS)-1958095,AJAY KUMAR ASTHANA,9910758244,General,Primary,Boys,,28.523352675767,77.2621458921995,89,0,89,,,
43,1958093,Central,RAILWAY COLONY BADARPUR (GIRLS)-1958093,JAGMOHAN LAL MEENA,9868853457,Morning,Primary,Girls,,28.5026094373493,77.2904582915349,0,114,114,,,
44,1958100,Central,TUGLAKABAD EXTENSION NO.2 (BOYS)-1958100,ARVIND KUMAR MISHRA,9868522274,Morning,Primary,Boys,,28.5233633483114,77.262148140878,172,0,172,,,
45,1958106,Central,LAL KUAN CENTRAL (CO-ED)-1958106,SECUNDA BELY KUJUR,9871993804,Morning,Primary,Girls,,28.4982721010701,77.2858739674559,124,128,252,,yes,Tughlakabad
46,2160032,Karol Bagh,NARAINA VILLAGE (BOYS)-2160032,SABDAR ALI,9868388532,Evening,Primary,Boys,,28.6254230135504,77.1370809303676,76,0,76,,,
47,2160081,Karol Bagh,BALJEET NAGAR (BOYS)-2160081,SUNITA HANDA,9868144388,Evening,Primary,Boys,,28.6560237816585,77.1615320067082,90,0,90,,,
48,2160031,Karol Bagh,NARAINA VILLAGE (GIRLS)-2160031,TANUJA SHARMA,9891751922,Morning,Primary,Girls,,28.6254965238759,77.1369005941847,0,111,111,Naraina Village(Girls),yes,
49,2160080,Karol Bagh,BALJEET NAGAR (GIRLS)-2160080,KAMLESH RANI,9717743684,Morning,Primary,Girls,,28.6559834793708,77.161432961143,0,123,123,,,
50,2160002,Karol Bagh,WEST PATEL NAGAR BLOCK-28 (CO-ED)-2160002,ANJU DEWAN,9818266891,General,Primary,Co-ed,,28.6541003536456,77.1658455965244,122,101,223,,,
51,1556153,Karol Bagh,RAMESH NAGAR NO 1 (BOYS)-1556153,RITA RANI,9871241190,General,Primary,Boys,,28.6435693270967,77.1305504603727,43,0,43,,,
52,2160038,Karol Bagh,JOSHI ROAD KAROL BAGH (CO-ED)-2160038,MAMTA SETHI,8588887978,General,Primary,Co-ed,,28.6502424833049,77.1988850099983,29,18,47,,,
53,2160001,Karol Bagh,EAST PATEL NAGAR (CO-ED)-2160001,MUNI LAL RAM,8076243066,General,Primary,Co-ed,,28.6481241218687,77.1707515245519,50,43,93,,,
54,2160029,Karol Bagh,NARAINA J J CAMP (GIRLS)-2160029,ANITA NUNIYAL,9868980749,Morning,Primary,Girls,,28.6336266633074,77.1427927722104,0,93,93,,,
55,2160017,Karol Bagh,SHADIPUR JJ (BOYS)-2160017,YOGESH KUMAR,9013261664,Evening,Primary,Boys,,28.651352906044,77.1539970291203,33,0,33,,yes,Shadipur
56,2160012,Karol Bagh,OLD RANJEET NAGAR (CO-ED)-2160012,VINAY TANWAR,9899969601,General,Primary,Co-ed,,28.6437060340694,77.1696135377825,19,10,29,,yes,Patel Nagar
57,2160037,Karol Bagh,PUSA LANE (CO-ED)-2160037,POONAM SABHARWAL,8130560304,General,Primary,Co-ed,,28.6454498320571,77.1940173660189,31,21,52,,,
58,1556149,Karol Bagh,MOTI NAGAR EAST (CO-ED)-1556149,SEEMA NARANG,9582422354,General,Primary,Co-ed,,28.6615062790082,77.1414366659651,33,20,53,,,
59,1556146,Karol Bagh,KARAM PURA H-I BLOCK (CO-ED)-1556146,MONA MAHAJAN,7011729784,General,Primary,Co-ed,,28.6666050192005,77.1413264068258,40,27,67,,,
60,2160052,Karol Bagh,PYARE LAL ROAD KAROL BAGH (CO-ED)-2160052,ANITA RANI,9810857394,General,Primary,Girls,,28.6493007914464,77.1824522342272,0,77,77,,,
61,2160020,Karol Bagh,NEW RAJINDER NAGAR R-BLOCK (CO-ED)-2160020,SURENDRA PAL SINGH,9289818270,General,Primary,Co-ed,,28.6347321327205,77.1805271195985,65,43,108,,,
62,2161407,Keshavpuram,KAMLA NAGAR E-BLOCK (CO-ED)-2161407,NEHA BANSAL,7503540800,General,Primary,Co-ed,,28.6831136364195,77.2039350390382,5,16,21,,,
63,1253110,Keshavpuram,SANGAM PARK (CO-ED)-1253110,MONIKA GUPTA,9999355342,General,Primary,Co-ed,,28.6894995634311,77.1874688549858,15,19,34,,,
64,1354055,Keshavpuram,PITAMPURA HU BLOCK (CO-ED)-1354055,SHIKHA GUPTA,9811825168,General,Primary,Co-ed,,28.7129795852647,77.1437873412952,41,41,82,,,
65,1354031,Keshavpuram,RANI BAGH (BOYS)-1354031,VIJAY KUMAR,9899056183,General,Primary,Boys,,28.6898747362045,77.129790855194,106,0,106,,yes,Madhuban chowk
66,1354002,Keshavpuram,TRI NAGAR JAI MATA MARKET (CO-ED)-1354002,SANGEETA SAINI,9136226669,General,Primary,Co-ed,,28.68120838644,77.1552167651924,34,41,75,,,
67,1354040,Keshavpuram,SHALIMAR BAGH BT-BLOCK (CO-ED)-1354040,SANTOSH BHARDWAJ,9868161152,General,Primary,Co-ed,,28.7036335446492,77.1626591693055,54,52,106,,,
68,1354030,Keshavpuram,PITAMPURA VILLAGE (CO-ED)-1354030,VIDYA NAND CHOUDHARY,9868389020,General,Primary,Co-ed,,28.7006421139649,77.123372484357,62,50,112,,,
69,1253127,Keshavpuram,AZAD PUR COLONY (CO-ED)-1253127,RESHMA,9868230287,General,Primary,Co-ed,,28.7087634029806,77.1821327741087,44,57,101,,,
70,1556092,Keshavpuram,JWALA HERI NEW (CO-ED)-1556092,ASHA RANI,9968240108,General,Primary,Co-ed,,28.6678241155943,77.1034137045423,110,59,169,,yes,Paschim Vihar (West)
71,1354046,Keshavpuram,SHALIMAR BAGH BB-BLOCK (CO-ED)-1354046,VANDANA KASTURIA,8377046399,General,Primary,Co-ed,,28.7143412958482,77.155071831727,76,63,139,,yes,JahangirPuri
72,1354149,Keshavpuram,ASHOK VIHAR PHASE III (CO-ED)-1354149,ROSE HEMLATA SORENG,9899348213,General,Primary,Co-ed,,28.700397814452,77.1748107982261,15,22,37,,,
73,1556392,Keshavpuram,MULTAN NAGAR NEW (CO-ED)-1556392,ALKA GARG,9211356842,General,Primary,Co-ed,,28.6804882823442,77.1091868911067,43,22,65,,,
74,1354054,Keshavpuram,UU BLOCK PITAMPURA (CO-ED)-1354054,MEENA JAIN,9205241609,General,Primary,Co-ed,,28.7037289321935,77.1484762321638,16,19,35,,,
75,2161406,Keshavpuram,KAMLA NAGAR DOUBLE STOREY (CO-ED)-2161406,DIVYA GOEL,9015344747,General,Primary,Co-ed,,28.6820829853032,77.2041285892591,9,10,19,,,
76,1253108,Keshavpuram,RANA PRATAP BAGH A-BLOCK (CO-ED)-1253108,NEERU KHATRI,9810076589,General,Primary,Co-ed,,28.6877307477307,77.1901464963063,31,27,58,,,
77,1354049,Keshavpuram,PITAMPURA GP-BLOCK (CO-ED)-1354049,DEEPA CHAUHAN,9968262086,General,Primary,Co-ed,,28.7018366254998,77.1445091772251,20,29,49,,,
78,1253125,Keshavpuram,STATE BANK COLONY GT KARNAL ROAD (CO-ED)-1253125,RITA ARORA,9953318443,General,Primary,Co-ed,,28.6955151055608,77.192195812411,22,20,42,,,
79,1354017,Keshavpuram,NEW SRI NAGAR (CO-ED)-1354017,ANITA RANI,9810887310,General,Primary,Co-ed,,28.6820821575633,77.1360995848982,45,36,81,,,
80,1354043,Keshavpuram,SHALIMAR BAGH AG-BLOCK (CO-ED)-1354043,NEERJA ANAND,9582290335,General,Primary,Co-ed,,28.7045763206301,77.1705753056543,29,33,62,,,
81,1354142,Keshavpuram,ASHOK VIHAR E-BLOCK (CO-ED)-1354142,SUMAN SINDHU,9968222796,General,Primary,Co-ed,,28.6915566732212,77.1632811021514,42,35,77,,,
82,1354029,Keshavpuram,HARSH VIHAR (CO-ED)-1354029,MEGHNATH CHOUDHARY,7011120480,General,Primary,Co-ed,,28.6980959981723,77.1285858817393,46,36,82,,,
83,1556091,Keshavpuram,PASCHIM VIHAR A 4 (CO-ED)-1556091,POONAM BHARDWAJ,9810600536,General,Primary,Co-ed,,28.6716765598133,77.1119015647622,51,41,92,,yes,Paschim Vihar (East)
84,1354011,Keshavpuram,SURAJ KUNJ KESHAV PURAM C-7 (CO-ED)-1354011,SUSHMA GAUR,9289600992,General,Primary,Co-ed,,28.6876388177729,77.161091396875,60,42,102,,,
85,1354034,Keshavpuram,SARASWATI VIHAR (CO-ED)-1354034,KANAK JHA,9891232501,General,Primary,Co-ed,,28.6957391619416,77.1238090161458,44,43,87,,,
86,1354027,Keshavpuram,SHAKUR PUR E-BLOCK (CO-ED)-1354027,BHAVNA SADANA,9958646469,General,Primary,Co-ed,,28.6851270156572,77.145859805212,76,77,153,,yes,Shakarpur
87,1757102,Najafgarh,NAJAFGRAH NEW ROSHAN PURA (GIRLS)-1757102,SAROJ BALA,9650049941,Morning,Primary,Girls,,28.5995311513982,76.9895421338734,0,110,110,,,
88,1757211,Najafgarh,DWARIKA SEC 7 (CO-ED)-1757211,AMBICA,8527705556,General,Primary,Co-ed,,28.5833058090003,77.0765802314959,72,50,122,,,
89,1757167,Najafgarh,SAGARPUR NEW (CO-ED)-1757167,SUSHEELA DEVI,9911152772,General,Primary,Co-ed,,28.6029231341694,77.103611962396,65,67,132,,,
90,1757203,Najafgarh,MATIALA (GIRLS)-1757203,SUSHMA BHARDWAJ,9911243637,Morning,Primary,Girls,,28.6126865278665,77.0473939129573,0,140,140,Matiala(Girls),yes,
91,1757197,Najafgarh,AMBERHI (CO-ED)-1757197,URMIL SEHRAWAT,9999020601,General,Primary,Co-ed,,28.5765354632642,77.0485822383243,56,61,117,,,
92,1757114,Najafgarh,NANGLI SAKRAWATINAJAFGARH (GIRLS)-1757114,SARITA,8700397111,Morning,Primary,Girls,,28.62314502588,77.0162269821987,0,145,145,,,
93,1757427,Najafgarh,DWARKA SEC 4 (CO-ED)-1757427,VED KAUR DABAS,9971004448,General,Primary,Co-ed,,28.6044010922984,77.0492802044532,76,75,151,,,
94,1757169,Najafgarh,SAGARPUR WEST (GIRLS)-1757169,USHA CHAUDHARY,9899644688,Morning,Primary,Girls,,28.6049566968802,77.0964751681211,0,135,135,,,
95,1757222,Najafgarh,MADHU VIHAR (GIRLS)-1757222,SARITA RAI,9810010381,Morning,Primary,Girls,,28.6087619214378,77.0522433475149,0,200,200,,,
96,1757238,Najafgarh,SAMALKA (GIRLS)-1757238,SEEMA,9810635986,General,Primary,Girls,,28.5353893765684,77.0868732745469,0,171,171,Samalka(Girls),yes,
97,1757205,Najafgarh,KAKROLA NO. 2 (CO-ED)-1757205,SUSHMA BHATT,9654049507,General,Primary,Co-ed,,28.6122650577244,77.0474220182135,91,92,183,,,
98,1757213,Najafgarh,DWARKA SEC 3 PHASE III (CO-ED)-1757213,ANJANA GUPTA,9810591167,General,Primary,Co-ed,,28.6067801750908,77.0431111033981,80,116,196,,,
99,1757198,Najafgarh,PALAM VILL. (CO-ED)-1757198,PRAVEEN KUMAR TYAGI,9953662406,General,Primary,Co-ed,,28.5885784949059,77.0817870243703,96,108,204,Palam Village(Coed),yes,
100,1757235,Najafgarh,BIJWASAN (GIRLS)-1757235,MEENAKSHI SINGH,9013580641,General,Primary,Girls,,28.5368362072774,77.05223881056,0,225,225,,,
101,1757221,Najafgarh,DWARKA SEC. 1/(BOYS)-1757221,SHEO PRASAD,7982411707,Evening,Primary,Boys,,28.5990157024568,77.0849652788983,106,0,106,,,
102,1757220,Najafgarh,DWARKA SEC. 1/I (GIRLS)-1757220,RAJ BALA SHARMA,9811868764,Morning,Primary,Girls,,28.5990655470241,77.0851393907946,0,85,85,,,
103,1757195,Najafgarh,POCHANPUR (BOYS)-1757195,SAVITA SHARMA,9868967304,General,Primary,Boys,,28.5602637682389,77.0446249216936,114,0,114,,,
104,1757123,Najafgarh,NAJAFGARH NO 1 (BOYS)-1757123,YASHPAL SINGH,9312255770,Evening,Primary,Boys,,28.6118012364028,76.9868891164435,118,0,118,,,
105,1757196,Najafgarh,POCHANPUR (GIRLS)-1757196,SAVITA ROHILLA,9818672827,General,Primary,Girls,,28.5606167763984,77.0488960611329,0,106,106,Pochanpur(Girls),yes,
106,1757232,Najafgarh,KAPAS HERA NO 2 (GIRLS)-1757232,REENA SHARMA,9818224613,Morning,Primary,Girls,,28.5265820422896,77.0810966276485,0,107,107,,,
107,1757122,Najafgarh,NAJAFGARH NO 1 (GIRLS)-1757122,JITENDRA KUMAR,7827230272,Morning,Primary,Girls,,28.6119069516309,76.986941429999,0,156,156,,,
108,1757208,Najafgarh,KAKROLA NO 1 (BOYS)-1757208,SUNIL GAHLOT,9313322605,Evening,Primary,Boys,,28.613929868086,77.0236854883858,212,0,212,,,
109,1757216,Najafgarh,RAJ NAGAR (CO-ED)-1757216,ASHA RANI,8860271477,General,Primary,Co-ed,,28.5853350420752,77.083830579347,94,78,172,,,
110,1757419,Najafgarh,KAPAS HERA NO 1 (BOYS)-1757419,VEENA YADAV,8851406253,Evening,Primary,Boys,,28.5248224746812,77.0807913698123,356,0,356,,,
111,1757160,Najafgarh,MAHAVIR ENCLAVE (CO-ED)-1757160,ALKA SHARMA,9811353824,General,Primary,Co-ed,,28.6015220232484,77.0812927076967,134,137,271,Mahavir Enclave(Coed),yes,
112,1757231,Najafgarh,KAPAS HERA NO 1 (GIRLS)-1757231,RITU ARORA,9599239052,Morning,Primary,Girls,,28.5248224746812,77.0807913698123,0,408,408,,,
113,1757424,Najafgarh,KAPAS HERA NO 3 (GIRLS)-1757424,REKHA SHARMA,9650025279,Morning,Primary,Girls,,28.5274095954389,77.0842336850398,0,69,69,Kapas Hera No 3(Girls),yes,
114,1757425,Najafgarh,KAPAS HERA NO 3 (BOYS)-1757425,NARINDER KAUR,9990995497,Evening,Primary,Boys,,28.5275621193582,77.0842504471261,79,0,79,,,
115,1757192,Najafgarh,GHUMANHERA (GIRLS)-1757192,SANGEETA SHARMA,9873572060,General,Primary,Girls,,28.5322841799964,76.9166775714487,15,12,27,,,
116,1757209,Najafgarh,REWLA KHANPUR (CO-ED)-1757209,BIJENDER KUMAR,9868915369,General,Primary,Co-ed,,28.5714513339659,76.9819494330124,28,22,50,,,
117,1757119,Najafgarh,NAJAFGARH KHAIRA NO 1 (CO-ED)-1757119,SUNITA M SHARMA,7838072087,General,Primary,Co-ed,,28.598951458313,76.9679758433549,27,29,56,Khaira No1(Coed),yes,
118,1757175,Najafgarh,PALAM ENCLAVE (CO-ED)-1757175,KUSUM KUMARI,9868237816,General,Primary,Co-ed,,28.5876511584034,77.0886666971018,45,33,78,Palam Enclave(Coed),yes,
119,1757154,Najafgarh,VASHIST PARK (CO-ED)-1757154,SHANKAR LAL,8851188729,General,Primary,Co-ed,,28.6076144930637,77.1038857960395,40,39,79,,,
120,1757180,Najafgarh,TAJPUR KHURD (CO-ED)-1757180,NEELAM GUPTA,9873384387,General,Primary,Co-ed,,28.5745116472077,77.01418590233,43,31,74,,,
121,1757246,Najafgarh,BAGDOLA (CO-ED)-1757246,MUKESH KUMAR SINGH,9911011301,General,Primary,Co-ed,,28.5713735125448,77.0696034562598,37,36,73,Bagdola(Co-ed),yes,
122,1757214,Najafgarh,DWARKA SEC 3 PHASE I (CO-ED)-1757214,SANJIT KUMAR,9968456829,General,Primary,Co-ed,,28.6122519542525,77.0474217639996,45,38,83,,,
123,1757165,Najafgarh,SAGARPUR OLD (CO-ED)-1757165,ANJU JAIN,9211525875,General,Primary,Girls,,28.6023432566149,77.1044595896119,52,55,107,,,
124,1757215,Najafgarh,NASIRPUR POCKET 6 (CO-ED)-1757215,RAJMATI,9999606675,General,Primary,Co-ed,,28.5975172571512,77.0753778748959,77,68,145,,,
125,1757164,Najafgarh,MAHAVIR ENCLAVE D-BLOCK (CO-ED)-1757164,KAVITA SHARMA,9810608233,General,Primary,Co-ed,,28.5976233338844,77.0754665226323,66,64,130,,,
126,1757118,Najafgarh,NAJAFGARH KHAIRA NO 2 (CO-ED)-1757118,REKHA SHARMA,9990633100,General,Primary,Co-ed,,28.5990149025537,76.9680460089823,80,57,137,,,
127,1757234,Najafgarh,BIJWASAN (BOYS)-1757234,KAILASH SINGH,9891311406,General,Primary,Boys,,28.5331684180222,77.0599108056181,130,0,130,,,
128,1757120,Najafgarh,NAJAFGARH OLD ROSHAN PURA (GIRLS)-1757120,VIRENDER KUMAR BHARTI,7840049596,Morning,Primary,Girls,,28.6544181495358,77.231626298488,0,101,101,,,
129,1757156,Najafgarh,DABRI (CO-ED)-1757156,SAROJ CATHERINA,9968274352,General,Primary,Co-ed,,28.6119851652067,77.087104866175,100,79,179,,,
130,1757212,Najafgarh,KUTUB VIHAR (GIRLS)-1757212,RAJESH,8742966933,General,Primary,Girls,,28.5748114270724,77.0278163072883,0,185,185,,,
131,1757469,Najafgarh,KUTUB VIHAR (BOYS)-1757469,SHASHI GUPTA,8799733811,General,Primary,Boys,,28.5748493867296,77.0279865829232,184,0,184,,,
132,1757207,Najafgarh,KAKROLA NO 1 (GIRLS)-1757207,SUREKHA KAUL,9910111877,Morning,Primary,Girls,,28.613927451635,77.02370343415,0,234,234,Kakrola No 1(Girls),yes,
133,1757173,Najafgarh,NASIRPUR VILLAGE (CO-ED)-1757173,SUNITA GOEL,9013246720,General,Primary,Co-ed,0.0,28.6001307814563,77.0915124991662,114,109,223,,,
134,1152127,Shahdara North,BRAHAMPURI OD II-1152127,TILAK RAJ,9868102810,Evening,Primary,Boys,,28.6826536947707,77.2614300913104,31,0,31,,,
135,1051182,Shahdara North,JHILMIL CIRCULAR ROAD(CO-ED)-1051182,MANJU BATRA,9871074058,General,Primary,Co-ed,,28.6714085274633,77.2968536338243,32,38,70,,yes,Shahdara
136,1152034,Shahdara North,MANDOLI BALIKA (GIRLS)-1152034,SHASHI PRABHA SHARMA,8285520353,Morning,Primary,Girls,,28.7019274817348,77.307171916562,0,108,108,,,
137,1152088,Shahdara North,BABARPUR (BOYS)-1152088,SUDHA AGGARWAL,9643407234,Evening,Primary,Boys,,28.6874725899949,77.2778510610255,49,0,49,,,
138,1152140,Shahdara North,BHAJANPURA (BOYS)-1152140,RAJIV RANJAN KUMAR ,9868411084,Evening,Primary,Boys,,28.6996816636044,77.2627597010817,61,0,61,,,
139,1152087,Shahdara North,BABARPUR (GIRLS)-1152087,USHA KUMARI,9911103080,Morning,Primary,Girls,,28.6874098993701,77.2778172172211,0,54,54,,,
140,1152107,Shahdara North,AWASIYA PARISAR SEELAMPUR-(GIRLS)-1152107,SAJLESH,9910370815,General,Primary,Co-ed,,28.6786908109528,77.2580113705939,0,66,66,,,
141,1152061,Shahdara North,SUNDER NAGRI F1 (BOYS)-1152061,Dev Kant Barua,9654980667,Evening,Primary,Boys,,28.695692590939,77.3156147174837,62,0,62,,,
142,1152078,Shahdara North,SEELAMPUR PHASE-III URDU (BOYS)-1152078,ASHIQUE ABBAS ,9717084351,Evening,Primary,Boys,,28.6744736770975,77.2724036386804,96,0,96,,yes,Welcome
143,1152677,Shahdara North,AWASIYA PARISAR SEELAMPUR-(BOYS)-1152677,MD SAJID QUAMAR,9643776606,Evening,Primary,Boys,9643776606.0,28.6786908109528,77.2580113705939,81,0,81,,,
144,1152004,Shahdara North,DILSHAD GARDEN O-BLOCK (BOYS)-1152004,VIRENDER SINGH,7982593406,Evening,Primary,Boys,,28.6874008831991,77.3223141151989,92,0,92,,,
145,1152151,Shahdara North,MOHANPURI (BOYS)-1152151,MUNI PAL SINGH,8630924870,Evening,Primary,Boys,,28.6954108792912,77.2728139109597,127,0,127,,,
146,1152166,Shahdara North,ANKUR ENCLAVE -II(BOYS)-1152166,SURENDER KUMAR,9654053029,Evening,Primary,Boys,,28.7295780413319,77.2718635346096,109,0,109,,,
147,1152065,Shahdara North,DILSHAD COLONY (BOYS)-1152065,DILIP KUMAR,8920882848,Evening,Primary,Boys,,28.6834928258988,77.3292515105652,106,0,106,,,
148,1152139,Shahdara North,BHAJANPURA (GIRLS)-1152139,SUMAN LATA,9654249906,Morning,Primary,Girls,,28.6996816636044,77.2627597010817,0,86,86,,yes,Bhajanpura
149,1152523,Shahdara North,DILSHAD GARDEN A-BLOCK (CO-ED)-1152523,HEM LATA YADAV,9999550100,General,Primary,Co-ed,,28.6793705597531,77.3142688047144,50,40,90,,yes,Jhilmil
150,1152012,Shahdara North,NAND NAGRI E (GIRLS)-1152012,MOTI KALA,9868829031,Morning,Primary,Girls,,28.6939355515192,77.3126872171612,0,69,69,,,
151,1152131,Shahdara North,GAMRI (BOYS)-1152131,LAL CHAND ,9013324045,Evening,Primary,Boys,,28.6956871649885,77.2577890839065,133,0,133,,,
152,1152125,Shahdara North,ARVIND NAGAR -II(BOYS)-1152125,HORAM SINGH,8459804644,Evening,Primary,Boys,,28.6920474592614,77.2635284667081,126,0,126,,,
153,1152096,Shahdara North,JYOTI COLONY (BOYS)-1152096,SHASHI GUPTA,9999703934,Evening,Primary,Boys,,28.6899524514405,77.2914649515171,131,0,131,,,
154,1152150,Shahdara North,MOHANPURI (GIRLS)-1152150,GEETA MISHRA,8076401507,Morning,Primary,Girls,,28.6954409673071,77.2727547551353,0,107,107,,,
155,1152149,Shahdara North,YAMUNA VIHAR B2-BLOCK (CO-ED)-1152149,MEENAKSHI SHARMA,8447482514,General,Primary,Co-ed,,28.7000112315855,77.2671260934284,52,63,115,,,
156,1152069,Shahdara North,NEW SEEMAPURI (BOYS)-1152069,TILAK RAJ,9968775813,Evening,Primary,Boys,,28.6886191392329,77.3289319356829,167,0,167,,,
157,1152133,Shahdara North,USMANPUR (BOYS)-1152133,BHANU PRATAP SINGH,9650657113,Evening,Primary,Boys,,28.6719270277306,77.2572229418686,136,0,136,,,
158,1152064,Shahdara North,DILSHAD COLONY (GIRLS)-1152064,SITA VERMA,7042632767,Morning,Primary,Girls,,28.683588863764,77.3294136231882,0,181,181,,,
159,1152135,Shahdara North,BRAHMPURI X (BOYS)-1152135,AJAY KUMAR,9953762897,Evening,Primary,Boys,,28.6827512218606,77.2624775099728,168,0,168,Brahmpuri X Block(Boys),yes,
160,1152095,Shahdara North,JYOTI COLONY (GIRLS)-1152095,SUSHIL KUMARI,8851291011,Morning,Primary,Girls,,28.6899372915261,77.2913452320263,0,156,156,,,
161,1152124,Shahdara North,ARVIND NAGAR -I(GIRLS)-1152124,KRISHAN KANT MADHUR,9999043455,Morning,Primary,Girls,,28.692028029719,77.263491229251,0,199,199,,,
162,1152068,Shahdara North,NEW SEEMAPURI (GIRLS)-1152068,MAMTA KUMARI,8448559894,Morning,Primary,Girls,,28.6886358170793,77.3289615424045,0,175,175,,,
163,1152132,Shahdara North,USMANPUR (GIRLS)-1152132,DEEPA TANDON,9891537999,Morning,Primary,Girls,,28.6718598448021,77.2571997184977,0,219,219,,,
164,1152134,Shahdara North,BRAHMPURI X (GIRLS)-1152134,HEMLATA,9711355142,Morning,Primary,Girls,,28.6753328200847,77.2726229115384,0,176,176,Brahmpuri X Block(Girls),yes,
165,1152155,Shahdara North,YAMUNA VIHAR C4-BLOCK (BOYS)-1152155,RAKESH KUMAR,9013412353,Evening,Primary,Boys,,28.7008773887116,77.2805983519951,61,0,61,,Yes,Yamuna Vihar
166,1152103,Shahdara North,BRAHMPURI T (GIRLS)-1152103,SHEELA SHARMA,9810196078,Morning,Primary,Girls,,28.6752973888368,77.2726004910366,0,141,141,,yes,Welcome
167,1152089,Shahdara North,BALBIR NAGAR EXTN (CO-ED)-1152089,SUNIL KUMAR,9868269662,General,Primary,Co-ed,,28.682821182782,77.287942653565,32,19,51,,,
168,1152013,Shahdara North,NAND NAGRI E (BOYS)-1152013,SHIVJI SAH GOND,9716723833,Evening,Primary,Boys,,28.693504156307,77.3132056581765,74,0,74,,,
169,1152060,Shahdara North,SUNDER NAGRI F1 (GIRLS)-1152060,RAJBALA,9873517046,Morning,Primary,Girls,,28.695692590939,77.3156147174837,0,71,71,,,
170,1152165,Shahdara North,ANKUR ENCLAVE (GIRLS)-1152165,NAGENDER KUMAR ,9650753460,Morning,Primary,Girls,,28.7295780413319,77.2718635346096,0,135,135,,,
171,1152130,Shahdara North,GAMRI (GIRLS)-1152130,ASHOK KUMAR SHARMA,9868893332,Morning,Primary,Girls,9810536709.0,28.6957225586821,77.2577281144605,0,133,133,,,
172,1051043,Shahdara South,MAYUR VIHAR PHASE-II C-BLOCK (CO-ED)-1051043,PRAGATI NAGAR,9871765244,General,Primary,Co-ed,,28.6180655423363,77.3085956656782,19,12,31,,yes,East Vinod Nagar Mayur vihar- II
173,1051045,Shahdara South,KALYAN PURI BLOCK-3 (GIRLS)-1051045, MADHU RANI,9999451498,Morning,Primary,Girls,,28.6191220451921,77.3179365017276,0,36,36,,,
174,1051050,Shahdara South,KALYANPURI BLOCK-12 (BOYS)-1051050,ANJU JAIN,8178658751,Evening,Primary,Boys,,28.6154693447897,77.3156415160362,65,0,65,,,
175,1051091,Shahdara South,CHANDER VIHAR (BOYS)-1051091,HARSHA MALHOTRA,9868244365,Evening,Primary,Boys,,28.6326053640505,77.2980293361188,57,0,57,,,
176,1051010,Shahdara South,MAYUR VIHAR PKT-1 PHASE-1 (BOYS)-1051010,GIRISH CHANDRA,9711260277,Evening,Primary,Boys,,28.6086247018665,77.2985081747357,65,0,65,,,
177,1051042,Shahdara South,PATPAR GANJ (BOYS)-1051042,MAHIPAL SINGH,8587893253,Evening,Primary,Boys,,28.6122545789528,77.2907251627388,52,0,52,,,
178,1051177,Shahdara South,ANAND VIHAR (BOYS)-1051177,ARCHANA JAIN,9818908133,Evening,Primary,Boys,,28.6513256471399,77.3116448045504,65,0,65,,,
179,1051040,Shahdara South,KHICHRI PUR (BOYS)-1051040,LOKESH KUMAR,9868569886,Evening,Primary,Boys,,28.6196521110049,77.3152344659497,67,0,67,,,
180,1051032,Shahdara South,"Mayur Vihar, Phase-I No.4 (Boys)-1051032",SUNIL KUMAR,9891937230,Evening,Primary,Boys,,28.6030654955863,77.2948797911418,84,0,84,,,
181,1051176,Shahdara South,ANAND VIHAR (GIRLS)-1051176,LILLY JHON,9871133331,Morning,Primary,Girls,,28.6512638033761,77.3117016320332,0,60,60,,,
182,1051090,Shahdara South,CHANDER VIHAR (GIRLS)-1051090,VIMMI WADHAWAN,9013484112,Morning,Primary,Girls,,28.6325351822292,77.2980902412168,0,79,79,,,
183,1051003,Shahdara South,TRILOKPURI BLOCK-27 (CO-ED)-1051003,PUSHPA TOLIA,9810549893,General,Primary,Co-ed,,28.6040010420075,77.3028746871284,31,34,65,,,
184,1051041,Shahdara South,PATPAR GANJ (GIRLS)-1051041,UMESH KUMAR,9868606523,Morning,Primary,Girls,,28.6122846249432,77.2908118423361,0,51,51,,,
185,1051039,Shahdara South,KHICHRI PUR (GIRLS)-1051039,ANITA KUMARI,8376903294,Morning,Primary,Girls,,28.6196521110049,77.3152344659497,0,50,50,,,
186,1051009,Shahdara South,MAYUR VIHAR PKT-1 PHASE-1 (GIRLS)-1051009,MAMTA RANI,9968077945,Morning,Primary,Girls,,28.6087237905467,77.2984674474633,0,88,88,,yes,Shree Ram Mandir Mayur Vihar
187,1051068,Shahdara South,MAYUR VIHAR PH-III PKT-A-1 (BOYS)-1051068,POONAM MALIK,8800704232,Evening,Primary,Boys,,28.6129120802978,77.3299222617312,96,0,96,,,
188,1051031,Shahdara South,MAYUR VIHAR PKT-4 PHASE-1 (GIRLS)-1051031,NEERU AGGARWAL,9013254122,Morning,Primary,Girls,,28.6030654955863,77.2948797911418,0,74,74,,,
189,1051087,Shahdara South,MANDAWALI EXT-II(BOYS)-1051087,ANSHUMAN TRIVEDI,9411903742,Evening,Primary,Boys,,28.6233832220206,77.2928147251797,96,0,96,,,
190,1051172,Shahdara South,BHEEKAM SINGH COLONY (GIRLS)-1051172,MADHU TAMANE,9910081716,Morning,Primary,Girls,,28.6682227522479,77.3025616865225,0,89,89,,,
191,1051173,Shahdara South,BHEEKAM SINGH COLONY (BOYS)-1051173,MANOJ KUMAR,9818323939,Evening,Primary,Boys,,28.6682564405411,77.3024758094198,110,0,110,,,
192,1051565,Shahdara South,VASUNDHARA ENCLAVE-II(BOYS)-1051565,NEETA KOCHHAR,9654512721,Evening,Primary,Boys,,28.5995416708036,77.316364224529,132,0,132,,,
193,1051503,Shahdara South,MAYUR VIHAR PH-III PKT-A-1 (GIRLS)-1051503,SUNENA AGGARWAL,9250111122,Morning,Primary,Girls,,28.6091115991439,77.3350551370585,0,125,125,,,
194,1051027,Shahdara South,VASHUNDHRA ENCLAVE-I(GIRLS)-1051027,ANJU JAIN,8744926144,Morning,Primary,Girls,,28.5995154573122,77.3163312009253,0,131,131,,,
195,1051012,Shahdara South,NEW ASHOK NAGAR (BOYS)-1051012,SUDHA DHIMRI,9968215422,Evening,Primary,Boys,,28.5929128704285,77.3075545808717,157,0,157,,,
196,1051566,Shahdara South,DALLUPURA (BOYS)-1051566,SUBHASH CHAND,9058083410,Evening,Primary,Boys,,28.6022102880343,77.3155074412217,200,0,200,,yes,Trilokpuri Sanjay Lake
197,1051134,Shahdara South,EAST OLD SEELAMPUR (GIRLS)-1051134,JITENDER KUMAR,8802802681,Morning,Primary,Girls,,28.6690001927705,77.2750248552806,0,153,153,,yes,Welcome
198,1051086,Shahdara South,MANDAWALI EXT-I(GIRLS)-1051086,KUSUM LATA,7042437111,Morning,Primary,Girls,,28.6233405588289,77.2926908316171,0,147,147,,,
199,1051163,Shahdara South,GAZIPUR VILLAGE (GIRLS)-1051163,VEENA KUMARI,9871177496,Morning,Primary,Girls,,28.6308926522407,77.3192713019055,0,188,188,,yes,IP Extension
200,1051011,Shahdara South,NEW ASHOK NAGAR (GIRLS)-1051011,NEELAM SEHGAL,9810161980,Morning,Primary,Girls,,28.5929443578457,77.3075138867301,0,219,219,,yes,New Ashok Nagar
201,1051164,Shahdara South,GAZIPUR VILLAGE (BOYS)-1051164,VINOD PRASAD,9891077064,Evening,Primary,Boys,,28.6309549079766,77.3194311158726,147,0,147,,yes,IP Extension
202,1051131,Shahdara South,RAJGARH COLONY (CO-ED)-1051131,VIPIN MITTAL,9650535455,General,Primary,Co-ed,,28.6594798783651,77.2718644177153,20,22,42,,,
203,1051049,Shahdara South,KALYANPURI BLOCK-12 (GIRLS)-1051049,GEETA,8588806762,Morning,Primary,Girls,,28.6154381325749,77.3155401937754,0,41,41,,,
204,1051170,Shahdara South,WEST VISHWAS NAGAR (CO-ED)-1051170,SHALINI GROVER,7503495647,General,Primary,Co-ed,,28.6676460983613,77.2968328705936,30,39,69,,,
205,1051109,Shahdara South,LAXMI NAGAR J-K-BLOCK (CO-ED)-1051109,RENU GIRDHAR,7042410716,General,Primary,Co-ed,,28.6326441042678,77.2757470689498,34,29,63,,yes,laxmi nagar
206,1051148,Shahdara South,KRISHNA NAGAR F-BLOCK (CO-ED)-1051148,HEMLATA SHARMA,9910455673,General,Primary,Co-ed,,28.6593714392288,77.2864436034231,26,27,53,,,
207,1051030,Shahdara South,MAYUR VIHAR PHASE-II F-BLOCK (CO-ED)-1051030,ASHA RANI,9810725460,General,Primary,Co-ed,,28.617345781338,77.2972751292908,34,50,84,,,
208,1051023,Shahdara South,TRILOKPURI BLOCK-16 (CO-ED)-1051023,SHIKHA JINDAL,9312425722,General,Primary,Co-ed,,28.6080949010718,77.3080038618422,36,45,81,,,
209,1051093,Shahdara South,GAZIPUR DDA FLAT (CO-ED)-1051093,JYOTI SHARMA,9716097106,General,Primary,Co-ed,,28.6219511457656,77.3219696621229,27,34,61,,,
210,1959157,South,BASANT NAGAR (BOYS)-1959157,VIMLESH GOUR (I/C),9810126349,Evening,Primary,Boys,,28.574139063246,77.1589387820344,30,0,30,,,
211,1959156,South,BASANT NAGAR (GIRLS)-1959156,VIMLESH GOUR (I/C),8447601522,Morning,Primary,Girls,,28.5740352767747,77.1589181400298,0,25,25,,,
212,1959047,South,R K PURAM SEC 2 (CO-ED)-1959047,ANITA DEVI,9818130621,General,Primary,Co-ed,,28.5599220559845,77.1851909164525,19,16,35,,,
213,1959054,South,CPWD VASANT VIHAR (GIRLS)-1959054,Vijay Lakshmi,9810276268,Morning,Primary,Girls,,28.5558192770423,77.1591346743206,0,51,51,,,
214,1959102,South,DR AMBEDKAR NAGAR SEC 1 NO 1 (GIRLS)-1959102,PINKI SHARMA (I/C),9717666142,Morning,Primary,Girls,,28.5168996861034,77.2309323597552,0,72,72,,,
215,1959158,South,NEB SARAI (BOYS)-1959158,PREETHA BHASKAR,9971759938,Evening,Primary,Boys,,28.5028823758033,77.2004504975405,108,0,108,,,
216,1959068,South,NEB SARAI (GIRLS)-1959068,ANITA VATS ,8802425139,Morning,Primary,Girls,,28.5025568462484,77.2006504846447,0,85,85,,,
217,1959073,South,AAYA NAGAR (GIRLS)-1959073,SUNITA CHAUHAN (I/C),8384045390,General,Primary,Girls,,28.4784329755111,77.129481810099,0,205,205,,,
218,1959100,South,PUSHP VIHAR SEC 5 (CO-ED)-1959100,SOPHIA KHES,8700733807,General,Primary,Co-ed,,28.5227815983026,77.2243874060785,22,11,33,,,
219,1959030,South,HAUZ KHAS ENCLAVE (CO-ED)-1959030,PUSHPA LAKRA,9654177260,General,Primary,Co-ed,,28.5538240960542,77.2095855389212,23,18,41,,,
220,1959020,South,ARJUN NAGAR (CO-ED)-1959020,Anju Goyal,9899393611,General,Primary,Co-ed,,28.5609860595359,77.2004392537406,19,24,43,,yes,Greenpark
221,1958412,South,KAILASH COLONY (CO-ED)-1958412,DEEPA ARORA,9811160757,General,Primary,Co-ed,,28.5521600128932,77.2422127007868,44,37,81,,,
222,1959013,South,SHAHPUR JAT (CO-ED)-1959013,NITI GAUR ,9910043198,General,Primary,Co-ed,,28.5487854438764,77.2122383770686,46,44,90,,,
223,1959108,South,DEVLI NO 1 (GIRLS)-1959108,PRATIMA KERKETTA,9250832058,Morning,Primary,Girls,,28.5022258527463,77.2253639981617,0,108,108,Deoli No 1(Girls),yes,
224,1959151,South,SHEIKH SARI (CO-ED)-1959151,PARTAP CHAND DUNG DUNG,9910541607,General,Primary,Co-ed,,28.5350369331976,77.2305738679808,49,46,95,,,
225,1959010,South,MALVIYA NAGAR (GIRLS)-1959010,VANDANA,9968474176,General,Primary,Girls,,28.5368553339988,77.2141630512222,0,136,136,,,
226,1959059,South,MEHRAULI VILLAGE (GIRLS)-1959059,SUMAN LATA,9318487241,General,Primary,Girls,,28.5215906447854,77.1782640574024,0,109,109,,,
227,1959072,South,SULTAN PUR (CO-ED)-1959072,KUINUD WADHWA,9289810743,General,Primary,Co-ed,,28.4983110255593,77.1602361452602,59,53,112,,yes,Sultanpur
228,1959060,South,MEHRAULI KOTHI KALE KHAN (CO-ED)-1959060,REKHA SARIN,9891468269,General,Primary,Co-ed,,28.5216000636231,77.1786711785945,68,68,136,Mehrauli Kothi Kale Khan(Coed),yes,
228,1959055,South,CPWD Colony Vasant Vihar(Boys),SUNITA RATHI,9711484745,Evening,Primary,Co-ed,,,,44,0,44,,,
229,1757247,South,RAJOKARI (BOYS)-1757247,ASHA RANI,9910453545,General,Primary,Boys,,28.5155355968417,77.1101323554644,132,0,132,,,
229,1958411,South,Sant Nagar(Coed),SANDHYA NARESH,9899706191,General,Primary,Co-ed,,,,27,27,54,,,
230,1959044,South,R K PURAM SEC 12 (CO-ED)-1959044,Amarjeet,9968102200,General,Primary,Co-ed,,28.5761326983827,77.1757761611352,14,16,30,,,
231,1959099,South,PUSHP VIHAR SEC 4 (CO-ED)-1959099,VICTORIA LUGUN,8368399611,General,Primary,Co-ed,,28.5267073624312,77.2283210543934,13,19,32,,,
232,1959049,South,R K PURAM SEC 4 (CO-ED)-1959049,ANITA,9868517606,General,Primary,Co-ed,,28.5593290423553,77.17810486302,13,23,36,RK Puram Sector4(Coed),yes,
233,1959023,South,HIMAYUN PUR (CO-ED)-1959023,INDER MANI MISHRA,9899385871,General,Primary,Co-ed,,28.5623603785956,77.1940329480918,27,26,53,,,
234,1959026,South,GAUTAM NAGAR (CO-ED)-1959026,SUNITA RANI,9871516408,General,Primary,Co-ed,,28.562643921958,77.2199062717044,18,25,43,,,
235,1959064,South,LADO SARAI (BOYS)-1959064,Veena Pant (IC) -NEW,9811553954,General,Primary,Boys,1129522367.0,28.5248022098401,77.1966220334261,64,0,64,,,
236,1959136,South,KHANPUR VILLAGE (GIRLS)-1959136,MAYA KUMARI,9811160757,General,Primary,Girls,,28.4951005437337,77.2268649751851,0,55,55,,,
237,1958413,South,JAMROOD PUR (CO-ED)-1958413,ANJU BALA,9717116450,General,Primary,Co-ed,,28.5584278934251,77.2363745126213,42,30,72,,,
238,1959037,South,R K PURAM SEC 5 (CO-ED)-1959037,RAJESH KUMAR KAIN (I/C),9868708851,General,Primary,Co-ed,,28.5622720827758,77.1733994940177,32,25,57,,,
239,1959094,South,PUSHP VIHAR SEC 1 NO 1 (CO-ED)-1959094,MEENU AGARWAL(Sanjeev),9891824243,General,Primary,Co-ed,,28.5238385464537,77.219044757131,32,25,57,Pushap Vihar Sector1 No 1(Coed),yes,
240,1959063,South,LADO SARAI (GIRLS)-1959063,Rakhi Jain,9968296242,General,Primary,Girls,,28.5246279717447,77.1975035020304,0,56,56,,,
241,1959056,South,INDIA AIRLINE COLONY (CO-ED)-1959056,VED PRAKASH KATRIYA,8800114899,General,Primary,Co-ed,,28.5567499692571,77.1557685694465,37,35,72,,yes,Vasant Vihar
242,1959117,South,SANGAM VIHAR K (BOYS)-1959117,SHAHIDA KHATOON,8384045390,Evening,Primary,Boys,,28.4946320053161,77.2524756113607,90,0,90,,,
243,1959041,South,R K PURAM SEC 7 (CO-ED)-1959041,SARASWATI,9999237102,General,Primary,Co-ed,,28.5693925494574,77.1711986811889,45,27,72,,,
244,1959116,South,SANGAM VIHAR K II (GIRLS)-1959116,HRISHIKESH SINGH,9650880439,Morning,Primary,Girls,,28.4945491336934,77.2526359873148,0,99,99,,,
245,1959091,South,BHATI MINES (BOYS)-1959091,RAMCHARAN MEENA,9868380144,Evening,Primary,Boys,,28.4282980701365,77.2259244888724,99,0,99,,,
246,1959093,South,SAKET G-BLOCK (CO-ED)-1959093,NEELAM SANSANWAL,9910954442,General,Primary,Co-ed,,28.5219843862385,77.2103353975223,59,51,110,,,
247,1959101,South,PUSHP VIHAR SEC 7 (CO-ED)-1959101,RAJBEER SINGH,9968528743,General,Primary,Co-ed,,28.5281732076032,77.2289489052382,51,58,109,,,
248,1959070,South,MAIDAN GARI (CO-ED)-1959070,SHASHI BALA,9810590696,General,Primary,Co-ed,,28.4980321601966,77.1986334175193,63,69,132,,,
249,1959050,South,MUNIRIKA (CO-ED)-1959050,RITU (I/C),9312597857,General,Primary,Co-ed,,28.5544135309533,77.1692180294352,55,53,108,,,
250,1959086,South,FATEH PUR BERI (BOYS)-1959086,SEEMA RANI,9911227044,General,Primary,Boys,,28.4612386842434,77.1826941164072,179,0,179,,,
251,1959001,South,CHIRAG (CO-ED)-1959001,MAHENDER PAL,9810493144,General,Primary,Co-ed,,28.5350379667262,77.2306564291995,75,87,162,,Yes,Chirag delhi
252,1757248,South,RAJOKARI (GIRLS)-1757248,ASHA RANI,9868162462,General,Primary,Girls,,28.5150582802404,77.1134878610099,0,142,142,,,
253,1959085,South,FATEH PUR BERI (GIRLS)-1959085,ANAMIKA NARANG,8383807446,General,Primary,Girls,,28.4599961792014,77.1821661066524,0,172,172,,,
254,1959080,South,CHATTARPUR MANDIR (BOYS)-1959080,ASHA EKKA,8826304837,General,Primary,Boys,,28.5029203713146,77.1815593842629,179,0,179,,,
255,1757254,South,KISHAN GARH (CO-ED)-1757254,AVDESH MEHTO,9821173843,General,Primary,Co-ed,,28.5175920628236,77.1649551131372,109,93,202,,Yes,Chhattarpur
256,1556056,West,TILAK NAGAR NO 1 (CO-ED)-1556056,RASHMAI ARORA,9899775163,General,Primary,Co-ed,,28.6401600113986,77.1000779891627,16,47,63,,,Tilak Nagar
257,1556041,West,SUBHASH NAGAR MARKET BLOCK 9 (CO-ED)-1556041,REKHA GREWAL,9968265020,General,Primary,Co-ed,,28.6366658729752,77.1197907430352,26,42,68,,,Subhash Nagar
258,1556046,West,TAGORE GARDEN EA (BOYS)-1556046,ANURADHA SURI,9968287793,Evening,Primary,Boys,,28.648982614644,77.1127869278941,84,0,84,,,Tagore Garden
259,1556082,West,MADI PUR J J COLONY (CO-ED)-1556082,GEETA KOHLI,9211290842,General,Primary,Co-ed,,28.6704949710802,77.114034208453,41,31,72,,,Madipur
260,1556017,West,JANAK PURI B-1 (CO-ED)-1556017,SURINDER KAUR GERANGAL,9999825818,General,Primary,Co-ed,,28.6294579127208,77.0853441991017,54,35,89,,,
261,1556051,West,CHAUKHANDI OLD (GIRLS)-1556051,VEENA KUMARI,9717704574,Morning,Primary,Girls,,28.6443529696196,77.0991402244924,0,90,90,Chaukhandi(Girls),Yes,Subhash Nagar
262,1556096,West,KHYALA NEW (BOYS)-1556096,SUSHEELA RANI,9818605442,Evening,Primary,Boys,,28.6580854528808,77.1013679068609,111,0,111,,,Subhash Nagar
263,1556078,West,RAGHUBIR NAGAR B-3 (GIRLS)-1556078,NEERJA AGGARWAL,7011796781,Morning,Primary,Girls,,28.6563376642473,77.1101425477525,0,100,100,,,
264,1556134,West,NAWADA VILLAGE (BOYS)-1556134,RAM JATAN,9899089527,Evening,Primary,Boys,,28.6234326261126,77.0455173206252,111,0,111,,Yes,Nawada
265,1556045,West,TAGORE GARDEN EA (GIRLS)-1556045,PINKI SHARMA,9899211173,Morning,Primary,Girls,,28.6489101423558,77.1128414967399,0,96,96,,,Tagore Garden
266,1556097,West,KHYALA OLD (GIRLS)-1556097,SANTOSH JAIN,9868935770,Morning,Primary,Girls,,28.6554848304759,77.0957482973631,0,97,97,,,Subhash Nagar
267,1556099,West,CHAND NAGAR B-BLOCK (GIRLS)-1556099,ASHA RANI,9958152223,Morning,Primary,Girls,,28.6484286230026,77.0985098930883,0,119,119,Chand Nagar B Block(Girls),,Subhash Nagar
268,1556016,West,JANAK PURI C-5 (CO-ED)-1556016,ANITA KALSAN,9711518088,General,Primary,Co-ed,,28.6151598848561,77.0953638024407,60,56,116,,,
269,1556095,West,KHYALA NEW (GIRLS)-1556095,SUNITA,8802552299,Morning,Primary,Girls,,28.6580865993904,77.1012940395133,0,104,104,,,Subhash Nagar
270,1556116,West,HASTSAL VILLAGE NO 2 (GIRLS)-1556116,PRIYA ARORA,9818325213,Morning,Primary,Girls,,28.6321329168483,77.0582105010695,0,149,149,,,
271,1556071,West,VISHAL ENCLAVE (CO-ED)-1556071,SARWAT PARVEEN,9911222609,General,Primary,Co-ed,,28.655474138131,77.0957471261417,78,41,119,,,
272,1556469,West,RAZA PUR KHURD NO 4 (CO-ED)-1556469,PRAKASH CHAND MEENA,9868668145,General,Primary,Co-ed,11111111111.0,28.630444,77.03224,68,63,131,,,Dwakra Mor
273,1556068,West,BASAI DARA PUR (CO-ED)-1556068,KANCHAN SAXENA,989916905,General,Primary,Co-ed,,28.6567742232881,77.1310204217422,68,63,131,Basai Dara Pur(Coed),Yes,Ramesh Nagar
274,1556015,West,JANAK PURI C 4 E (CO-ED)-1556015,Leena Joon,9971381358,General,Primary,Co-ed,,28.6169343734858,77.0892366400122,85,68,153,,Yes,Dabari Mor Janakpuri south
275,1556470,West,RAZA PUR KHURD NO 3 (CO-ED)-1556470,ARVIND KUMAR,8178557751,General,Primary,Co-ed,9999999999.0,28.629598,77.0345379999999,90,94,184,,,Dwakra Mor
276,1556128,West,RANHOLLA (BOYS)-1556128,RAKESH KUMAR GUPTA,9899967443,Evening,Primary,Boys,,28.6560440063679,77.0400288024012,194,0,194,,Yes,Nangloi
277,1556111,West,VIKAS PURI GG-3 (CO-ED)-1556111,MEENA CHAUHAN,9868829696,General,Primary,Co-ed,,28.6425674487265,77.0782934172825,113,95,208,,Yes,Krishna Nagar Ext
278,1556114,West,HASTSAL VILLAGE NO 1 (GIRLS)-1556114,PARUL JAIN,9818236987,Morning,Primary,Girls,,28.6320686909484,77.0587721189028,0,164,164,,,
279,1556142,West,RAZA PUR KHURD NO 2 (GIRLS)-1556142,ANITA KUMARI,9313909316,Morning,Primary,Girls,,28.6430830768072,77.0332485589839,0,256,256,,Yes,Dwakra Mor
280,1556127,West,RANHOLLA (GIRLS)-1556127,SAVITA,9896757493,Morning,Primary,Girls,,28.6560022684129,77.0399467956955,0,217,217,,Yes,Nangloi
281,1556131,West,UTTAM NAGAR NEW NO. 2 (GIRLS)-1556131,KAMLESH DEVI,9953721442,Morning,Primary,Girls,,28.6092713737992,77.0687016963531,0,194,194,Uttam Nagar No 2(Girls),Yes,Uttamnagar east
282,1556368,West,RAZA PUR KHURD NO 1 (GIRLS)-1556368,MD. RAZA HASAN,9911197864,Morning,Primary,Girls,,28.6255836386785,77.0453673276575,0,210,210,Raza Pur Khurd No 1(Girls),Yes,Dawarka Mor
283,1556058,West,TILAK NAGAR NO 3 (CO-ED)-1556058,SUMAN TANWAR,9811340420,General,Primary,Co-ed,,28.619272202683,77.2828512882475,20,20,40,,,Tilak Nagar
284,1556112,West,VIKAS PURI SITE 4 (CO-ED)-1556112,MEENA ANAND,9650118849,General,Primary,Co-ed,,28.6383500638605,77.0715618034994,25,30,55,,,
285,1556087,West,SHIVAJI PARK (CO-ED)-1556087,Mahender Kaur ,8447286364,General,Primary,Co-ed,,28.6719058724001,77.1320244466037,35,20,55,,Yes,Madipur
286,1556063,West,RAJOURI GARDEN SOUTH (CO-ED)-1556063,ASHA,9717320956,General,Primary,Co-ed,,28.6440739230869,77.1243689649742,36,35,71,,,
287,1556029,West,HARI NAGAR L BLOCK (CO-ED)-1556029,MANJU BALA,9891165360,General,Primary,Co-ed,,28.628204467433,77.1037747140722,32,28,60,,,
288,1556037,West,TIHAR NO 1 BLOCK 6 (CO-ED)-1556037,HEERA DEVI,9013489263,General,Primary,Co-ed,,28.6388277721328,77.1130822682508,43,34,77,,,
289,1556007,West,JANAK PURI C-2 (CO-ED)-1556007,SUCHITRA SHARMA,8860680534,General,Primary,Co-ed,,28.6193721018902,77.0854989289734,44,36,80,,,
290,1757435,West,UTTAM NAGAR NEW NO 1 (CO-ED)-1757435,KUMKUM SHARMA,9868183444,General,Primary,Co-ed,,28.6208083989745,77.0564526754234,42,45,87,,,Uttamnagar east
291,1556094,West,PUNJABI BAGH EXTN (CO-ED)-1556094,Neeta Yadav,98110063248,General,Primary,Co-ed,,28.6644042968742,77.1197442106233,46,34,80,,,Punjabi Bagh
292,1556062,West,VIKAS PURI B-BLOCK (CO-ED)-1556062,NEERU KAPOOR,7703892215,General,Primary,Co-ed,,28.6310968683802,77.071318414992,59,39,98,,,
293,1556144,West,BAKKAR WALA J J COLONY B-BLOCK (CO-ED)-1556144,SURENDRA KUMAR,9315932574,General,Primary,Co-ed,,28.6632621894016,77.015261313007,56,75,131,,,Mundka Industrial
294,1556141,West,BAKKAR WALA J J COLONY G-BLOCK (CO-ED)-1556141,DEVENDER PRASAD SINGH,9968416922,General,Primary,Co-ed,,28.6645024637611,77.0132541402292,63,42,105,Bakkar Wala JJ Colony G Block(Coed),Yes,Mundka Industrial
295,1556080,West,PASCHIM PURI1212 (CO-ED)-1556080,SIMMI KHANNA,9871250505,General,Primary,Co-ed,,28.6701710746473,77.1142385681572,52,55,107,,,
296,1757433,West,UTTAM NAGAR OLD (CO-ED)-1757433,RAM KUMAR GUPTA,9868389535,General,Primary,Co-ed,,28.6207747914181,77.0621352408734,81,56,137,,Yes,Uttamnagar west
297,1556133,West,NAWADA VILLAGE (GIRLS)-1556133,MINAKSHI,8587094790,Morning,Primary,Girls,,28.6233537411744,77.045523908755,0,143,143,,Yes,Nawada
298,1556025,West,JANAK PURI NO 1 D-1 A (CO-ED)-1556025,PREETI GUPTA,9819343457,General,Primary,Co-ed,,28.6116713066661,77.1058182107691,74,61,135,,,
299,1556083,West,MADI PUR VILLAGE NO 1 (CO-ED)-1556083,SHASHI VYAS,9968308985,General,Primary,Co-ed,,28.6692366230513,77.1160830842381,66,88,154,,,Madipur
300,1556126,West,BAPROLA VILLAGE (CO-ED)-1556126,SUNITA SHARMA,9871151333,General,Primary,Co-ed,,28.6419904671763,77.0135836772787,127,126,253,,,
